ID,25+_TRANSATION/DAY,AMT_INCOME_TOTAL,FRAUD_CARD
5008804,Y,427500,0
5008805,Y,427500,0
5008806,Y,112500,0
5008808,N,270000,1
5008809,N,270000,1
5008810,N,270000,1
5008811,N,270000,1
5008812,N,283500,0
5008813,N,283500,0
5008814,N,283500,0
5008815,Y,270000,1
5112956,Y,270000,1
6153651,Y,270000,1
5008819,Y,135000,0
5008820,Y,135000,0
5008821,Y,135000,0
5008822,Y,135000,0
5008823,Y,135000,0
5008824,Y,135000,0
5008825,Y,130500,0
5008826,Y,130500,0
5008830,N,157500,1
5008831,N,157500,1
5008832,N,157500,1
5008834,N,112500,0
5008835,N,112500,0
6153712,N,112500,0
5008836,Y,270000,0
5008837,Y,270000,0
5008838,N,405000,0
5008839,N,405000,0
5008840,N,405000,0
5008841,N,405000,0
5008842,N,405000,0
5008843,N,405000,0
5008844,Y,112500,1
5008846,Y,112500,1
5008847,Y,112500,1
5008849,Y,112500,1
5008850,Y,112500,1
5008851,Y,112500,1
5008852,Y,112500,1
5008853,Y,112500,1
6153733,Y,112500,1
6153734,Y,112500,1
6153735,Y,112500,1
5008854,Y,135000,0
5008855,Y,135000,0
5008856,Y,135000,0
5008857,Y,135000,0
5008858,Y,135000,0
5008859,Y,135000,0
5008860,Y,135000,0
5008861,Y,135000,0
5008862,Y,135000,0
5008863,Y,135000,0
5008864,Y,135000,0
5008865,Y,135000,0
5008866,Y,135000,0
5008867,Y,135000,0
5112846,Y,135000,0
6153736,Y,135000,0
5008868,N,211500,0
5008870,N,211500,0
5008872,Y,360000,1
6153737,Y,360000,1
5008873,N,126000,0
5008874,N,126000,0
5008875,N,126000,0
5008876,N,126000,0
5008877,N,126000,0
5008878,N,126000,0
5008879,N,126000,0
5008880,N,126000,0
5008881,N,126000,0
5008882,N,126000,0
5008884,N,315000,0
5008888,N,247500,0
5008889,N,247500,0
5008890,N,247500,0
5112847,N,247500,0
5008891,N,297000,0
5008892,N,297000,0
5008893,N,297000,0
5008894,N,297000,0
5008895,N,297000,0
5008896,N,297000,0
5008897,N,297000,0
5008898,N,297000,0
5008899,N,297000,0
5008900,N,297000,0
5008901,N,297000,0
5008902,N,297000,0
5008903,N,297000,0
5008904,N,297000,0
5008905,N,297000,0
5008906,N,297000,0
5008907,N,297000,0
5008908,N,297000,0
5008909,N,297000,0
5008910,N,297000,0
5008911,N,297000,0
5008912,N,297000,0
5008913,N,297000,0
5008914,N,297000,0
5008915,N,297000,0
5008916,N,297000,0
5008917,N,297000,0
5008918,N,297000,0
5008919,N,297000,0
5008920,N,297000,0
5008921,N,297000,0
5008922,N,297000,0
5008923,N,297000,0
5008924,N,297000,0
5008925,N,297000,0
5008926,N,297000,0
5008927,N,297000,0
5008928,N,297000,0
5008929,N,297000,0
5008930,N,297000,0
5008931,N,297000,0
5008932,N,297000,0
5008933,N,297000,0
5008934,N,297000,0
5008935,N,297000,0
5008936,N,297000,0
5008937,N,297000,0
5008938,N,297000,0
5008939,N,297000,0
5008940,N,297000,0
5008941,N,297000,0
6153773,N,297000,0
6153774,N,297000,0
6153775,N,297000,0
5008942,N,157500,1
5008943,N,157500,1
5008944,N,157500,1
5008945,N,157500,1
5008946,N,157500,1
5008947,N,135000,1
5008948,N,135000,1
5008949,N,135000,1
5008950,N,135000,1
5008951,N,225000,0
5008952,N,225000,0
5008953,N,225000,0
5008954,N,225000,0
5008955,Y,135000,0
5008956,Y,135000,0
5008957,Y,135000,0
5008958,Y,135000,0
5008959,Y,135000,0
5008960,Y,135000,0
5008962,Y,135000,0
5008963,Y,135000,0
5008966,N,157500,1
5008967,N,157500,1
5008971,N,157500,1
5008973,N,157500,1
5008974,N,112500,0
5008975,N,112500,0
5008976,N,112500,0
5008977,N,112500,0
5008978,N,112500,0
5008979,N,112500,0
5008980,N,112500,0
5008981,Y,112500,1
5008983,Y,112500,1
5008984,Y,112500,1
5008986,Y,112500,1
5008987,Y,112500,1
5008988,Y,112500,1
6153800,Y,112500,1
5008991,Y,270000,1
5008992,Y,270000,1
5008993,Y,270000,1
5008994,Y,270000,1
5008995,Y,270000,1
5112861,Y,270000,1
6153801,Y,270000,1
5008998,Y,270000,0
5008999,Y,270000,0
5009000,Y,157500,0
6153549,Y,157500,0
5009001,N,166500,1
5009002,N,166500,1
5009005,N,166500,1
5009006,N,166500,1
5009007,N,166500,1
5009008,N,166500,1
5009009,N,166500,1
5009010,N,166500,1
5009012,N,166500,1
5009014,N,166500,1
6153574,N,166500,1
6153575,N,166500,1
6153576,N,166500,1
6153578,N,166500,1
5009016,N,216000,0
5009018,N,216000,0
5009019,N,216000,0
5009020,N,216000,0
5009022,N,216000,0
5009023,N,216000,0
5009024,N,216000,0
5009025,N,216000,0
6153579,N,216000,0
6153580,N,216000,0
5009027,Y,270000,0
5112862,Y,270000,0
5009028,Y,225000,0
5009029,Y,225000,0
5009031,N,315000,0
5009032,N,315000,0
6153669,N,315000,0
5009033,N,255150,0
5009034,N,255150,0
5009035,N,255150,0
5009036,N,255150,0
5009037,N,255150,0
5009038,N,255150,0
5009039,N,157500,0
5009040,N,157500,0
5009042,N,148500,0
5009043,N,148500,0
5009044,N,148500,0
5009045,N,148500,0
5009046,N,148500,0
5009047,N,148500,0
6153693,N,148500,0
5009050,N,202500,0
5009051,N,202500,0
5009052,N,202500,0
5009053,N,202500,0
5009055,N,202500,0
5009056,N,202500,0
5009057,N,202500,0
5009058,Y,112500,1
5009060,N,94500,1
5009062,Y,315000,0
5009063,Y,315000,0
5009064,Y,315000,0
5009065,Y,315000,0
5009066,Y,315000,0
5009067,Y,315000,0
5009068,Y,315000,0
5009069,Y,315000,0
5009070,Y,315000,0
5009071,Y,270000,1
5009072,Y,270000,1
6153722,Y,270000,1
5009074,Y,450000,1
5009075,Y,450000,1
5009078,N,180000,0
5009079,N,112500,0
5009080,N,112500,0
5009081,N,112500,0
5009083,N,90000,0
5009084,N,90000,0
6153724,N,90000,0
6153738,N,90000,0
5009088,Y,202500,0
5009089,Y,202500,0
6153739,Y,202500,0
6153740,Y,202500,0
5009090,Y,247500,0
5009092,Y,765000,0
5009094,Y,765000,0
5009095,Y,765000,0
6153741,Y,765000,0
5009096,N,270000,0
5009097,N,270000,0
5009098,N,270000,0
5009099,N,315000,0
5009100,N,315000,0
5009103,Y,157500,1
5009104,Y,157500,1
5009105,Y,157500,1
5009106,Y,157500,1
5112876,Y,157500,1
5009108,N,360000,0
5009109,N,360000,0
5009110,N,112500,0
5009116,N,157500,0
5009117,N,157500,0
5009118,N,157500,0
5009120,N,157500,0
5009122,N,157500,0
5009123,N,157500,0
5009124,N,157500,0
5009125,N,157500,0
5009126,N,157500,0
5009127,N,157500,0
5009128,N,157500,0
5009129,N,157500,0
5009130,N,157500,0
5009131,N,157500,0
6153757,N,157500,0
5009133,N,382500,0
5009134,N,382500,0
5009135,N,382500,0
5009136,N,382500,0
5009137,N,382500,0
5009138,N,382500,0
5009139,N,382500,0
5009140,N,382500,0
5009141,N,135000,1
5009142,N,135000,1
5009143,Y,225000,0
5009144,Y,225000,0
5009145,Y,315000,1
5009146,Y,315000,1
5009147,Y,315000,1
5009149,Y,315000,1
5009150,Y,315000,1
6153802,Y,315000,1
6153803,Y,315000,1
5009151,N,180000,0
5009152,N,180000,0
5009153,N,180000,0
5009154,N,180000,0
5009155,N,180000,0
5009156,N,180000,0
5009157,N,180000,0
5009158,N,180000,0
5009159,N,180000,0
5009160,N,180000,0
5009161,N,180000,0
5009162,N,180000,0
5009163,N,157500,1
5009164,N,157500,1
5009165,N,157500,1
5009166,N,157500,1
5009168,N,157500,1
6153804,N,157500,1
5009170,Y,144000,1
5009177,Y,229500,0
5009178,Y,229500,0
5009179,Y,229500,0
5009180,Y,229500,0
5009181,Y,229500,0
5009182,Y,229500,0
5009183,Y,229500,0
6153806,Y,229500,0
5009186,N,270000,1
5009187,N,270000,1
5009188,N,270000,1
5009189,N,270000,1
5009190,N,270000,1
5009191,N,270000,1
5009192,N,270000,1
5009193,N,270000,1
5009195,N,292500,1
5009196,N,292500,1
5009198,N,292500,1
5009201,N,292500,1
5009202,N,292500,1
5009203,N,292500,1
5009204,N,292500,1
5009205,N,292500,1
5009206,N,292500,1
5009207,N,292500,1
5009208,N,292500,1
5009209,N,292500,1
5009210,N,292500,1
6153808,N,292500,1
6153809,N,292500,1
5009213,N,270000,1
5009215,N,270000,1
5009216,N,270000,1
5009217,N,270000,1
6153550,N,270000,1
6153551,N,270000,1
5009220,Y,225000,0
5009222,Y,225000,0
5009223,Y,225000,0
5009224,Y,225000,0
5009225,Y,225000,0
5009226,Y,225000,0
5009227,Y,225000,0
5009232,Y,225000,0
5009233,Y,225000,0
5009234,Y,225000,0
5009236,Y,225000,0
6153552,Y,225000,0
6153554,Y,225000,0
6153555,Y,225000,0
5009238,Y,157500,1
5009239,Y,157500,1
5009240,Y,157500,1
5009241,Y,157500,1
6153556,Y,157500,1
5009242,N,74250,1
5009243,N,74250,1
5009244,N,74250,1
5009246,N,135000,1
5009247,N,135000,1
5009248,N,135000,1
5009249,Y,135000,0
5009250,Y,135000,0
5009251,Y,135000,0
5009252,Y,135000,0
5009253,Y,135000,0
6153557,Y,135000,0
5009255,N,144000,0
5009257,N,144000,0
5009258,N,144000,0
5009260,N,202500,1
5009261,N,202500,1
5009262,N,202500,1
5009263,N,202500,1
6153558,N,202500,1
5009264,N,40500,0
5009265,Y,337500,1
5009266,Y,337500,1
5009267,Y,337500,1
5009268,Y,337500,1
5009269,Y,337500,1
5009270,N,180000,1
5009271,N,180000,1
5009272,N,180000,1
5009274,N,180000,1
5009275,N,180000,1
5009276,N,180000,1
5009277,N,180000,1
5009278,N,130500,1
5009279,N,130500,1
5009280,N,130500,1
5009281,N,130500,1
5009284,N,130500,1
5009285,N,130500,1
5009286,N,130500,1
5009287,N,130500,1
5009289,N,130500,1
5009290,N,130500,1
5009291,N,130500,1
5009292,N,130500,1
5009293,N,130500,1
5009294,N,130500,1
5009295,N,144000,1
5009296,N,144000,1
5009297,N,193500,1
5009299,N,193500,1
5009300,N,193500,1
5009301,N,193500,1
6153561,N,193500,1
5009302,N,112500,0
5009303,N,112500,0
5009304,N,112500,0
5009305,N,112500,0
5009306,Y,135000,1
5009307,Y,135000,1
5009308,Y,135000,1
5009309,Y,135000,1
5009310,Y,135000,1
5009311,Y,135000,1
5009312,Y,135000,1
5009313,Y,135000,1
5009314,Y,135000,1
5009315,Y,135000,1
5009316,Y,135000,1
5009317,Y,135000,1
5009318,Y,135000,1
5009319,Y,135000,1
5009325,Y,267750,1
5009327,Y,267750,1
5009328,Y,267750,1
5009329,Y,267750,1
5009330,Y,267750,1
5009331,Y,267750,1
5009332,Y,267750,1
5009333,Y,267750,1
5009335,N,139500,0
5009336,N,139500,0
5009337,N,139500,0
6153581,N,139500,0
5009338,N,67500,1
5009339,N,67500,1
5009340,Y,252000,0
5009341,Y,252000,0
5009342,Y,252000,0
5009343,Y,252000,0
5009344,Y,252000,0
5009345,Y,252000,0
5009346,Y,252000,0
5009349,N,180000,1
5009354,N,180000,1
6153582,N,180000,1
6153584,N,180000,1
5009355,N,135000,1
5009358,N,135000,1
5009359,Y,900000,0
5009360,Y,900000,0
5009361,Y,180000,0
5009362,Y,180000,0
5009363,Y,180000,0
5009364,Y,180000,0
5009365,Y,180000,0
5009366,Y,180000,0
5009367,Y,180000,0
5009368,Y,115290,1
5009369,Y,115290,1
5009370,Y,115290,1
5009371,Y,115290,1
5009372,Y,115290,1
5009373,Y,115290,1
6153586,Y,115290,1
6153587,Y,115290,1
5009378,N,225000,0
6153588,N,225000,0
6153589,N,225000,0
5009379,Y,135000,0
5009380,Y,135000,0
5009381,Y,135000,0
5009382,Y,135000,0
6153590,Y,135000,0
5009383,N,450000,1
5009384,N,450000,1
5009386,N,450000,1
5009387,N,450000,1
5009389,N,279000,0
5009391,N,279000,0
5009392,N,279000,0
5009393,N,279000,0
5009394,N,279000,0
5009395,N,279000,0
6153591,N,279000,0
6153592,N,279000,0
5009396,N,76500,0
5009397,N,76500,0
5009398,N,76500,0
5009399,N,76500,0
5009400,N,76500,0
5009401,N,76500,0
5009402,N,202500,1
5009403,N,202500,1
5009404,N,67500,1
6153594,N,67500,1
5009405,N,234000,1
5009406,N,234000,1
5009408,N,234000,1
5009410,N,234000,1
5112901,N,234000,1
5009415,N,90000,1
5009416,N,90000,1
5009417,N,90000,1
5009418,N,90000,1
5009419,N,90000,1
5009420,N,90000,1
5009421,N,90000,1
6153606,N,90000,1
6153607,N,90000,1
5009423,N,81000,0
5009424,N,108000,0
5009425,N,108000,0
5009426,N,99000,0
5009427,N,99000,0
5009428,N,198000,0
5009429,N,198000,0
5009431,Y,360000,1
6153608,Y,360000,1
5009435,N,135000,1
5090746,N,135000,1
5009436,N,76500,0
5009437,N,76500,0
5009438,N,76500,0
5009439,N,76500,0
5009440,N,76500,0
5009441,N,90000,1
5009442,N,90000,1
5009443,N,90000,1
5009444,N,90000,1
6153611,N,90000,1
5009445,Y,270000,0
6153612,Y,270000,0
5009447,Y,81000,0
5009448,Y,81000,0
6153613,Y,81000,0
5009450,N,202500,1
5009451,N,202500,1
5009452,N,202500,1
5009453,N,202500,1
5009454,N,202500,1
5009455,N,202500,1
5009456,N,202500,1
5009457,N,202500,1
5009458,N,202500,1
6153614,N,202500,1
6153615,N,202500,1
5009459,N,157500,1
5009460,N,157500,1
5009465,N,157500,1
5009466,N,157500,1
5009468,N,157500,1
5009469,N,157500,1
5009470,N,157500,1
5009471,N,157500,1
5009472,N,157500,1
6153617,N,157500,1
5009473,N,180000,1
5009481,N,180000,1
5009482,N,180000,1
6153627,N,180000,1
6153630,N,180000,1
5009484,N,135000,0
5009485,N,135000,0
6153632,N,135000,0
5009487,N,135000,0
5009488,N,135000,0
5009489,N,135000,0
5009490,Y,135000,1
5009492,Y,135000,1
6153634,Y,135000,1
5009493,Y,270000,0
5009494,Y,270000,0
5009495,Y,270000,0
5009497,Y,270000,0
5009498,Y,270000,0
5009499,Y,270000,0
5009500,Y,270000,0
5009501,Y,270000,0
5009502,Y,270000,0
5009503,Y,270000,0
6153635,Y,270000,0
5009507,N,202500,1
5009508,N,202500,1
5009509,N,202500,1
5009510,N,202500,1
6153637,N,202500,1
5009512,N,157500,0
5009513,N,157500,0
5009515,N,157500,0
5009516,N,157500,0
5009517,N,157500,0
6153638,N,157500,0
6153639,N,157500,0
5009518,Y,180000,0
5009519,Y,180000,0
5009521,Y,180000,0
6153640,Y,180000,0
5009523,Y,112500,0
5009525,Y,112500,0
5009526,Y,157500,1
5009527,Y,157500,1
5009529,Y,157500,1
5009530,Y,157500,1
5009531,Y,157500,1
5009533,Y,157500,1
5009534,Y,157500,1
5009535,Y,157500,1
6153642,Y,157500,1
6153643,Y,157500,1
5009536,Y,216000,0
5009537,Y,202500,1
5009540,Y,202500,1
5009541,Y,202500,1
6153652,Y,202500,1
5009543,N,198000,0
5009545,N,198000,0
5009546,N,198000,0
5009548,N,198000,0
5009551,N,198000,0
5009553,N,198000,0
5009554,N,198000,0
5009555,N,198000,0
5009556,N,198000,0
5009557,N,198000,0
5009558,N,198000,0
5009559,N,198000,0
5009560,N,198000,0
5009561,N,198000,0
5009562,N,157500,1
5009563,N,157500,1
5009564,N,157500,1
6153653,N,157500,1
5009565,Y,180000,1
5009566,Y,180000,1
5009567,Y,180000,1
5009568,Y,180000,1
5009569,Y,180000,1
5009570,Y,180000,1
5009571,Y,180000,1
5009572,Y,180000,1
5009573,Y,180000,1
5009574,Y,180000,1
5009575,Y,315000,0
5009576,Y,315000,0
6153654,Y,315000,0
5009577,N,112500,0
5009578,N,112500,0
5009579,N,112500,0
5009580,N,112500,0
5009581,N,112500,0
5009582,N,90000,0
5009583,N,90000,0
5009584,N,90000,0
5009585,N,45000,1
5009586,N,45000,1
5009590,Y,225000,1
5009591,Y,225000,1
5009592,N,112500,1
5090748,N,112500,1
5009593,Y,144000,1
5009594,Y,144000,1
5009595,Y,144000,1
5009597,Y,144000,1
5009599,Y,144000,1
5009600,Y,144000,1
5009602,Y,315000,1
6153655,Y,315000,1
5009603,N,112500,0
5009605,N,112500,0
5009606,N,112500,0
5009607,N,144000,1
5009608,N,144000,1
5009609,N,144000,1
5009610,N,144000,1
5009611,N,144000,1
5009612,N,144000,1
5009613,N,144000,1
5009614,N,144000,1
6153656,N,144000,1
5009617,Y,225000,0
5009618,Y,225000,0
6153657,Y,225000,0
5009620,Y,135000,0
5009622,Y,135000,0
5009623,Y,135000,0
5009624,Y,135000,0
5009625,N,238500,0
5009627,N,238500,0
5009628,N,238500,0
5009629,N,238500,0
6153658,N,238500,0
6153659,N,238500,0
5009631,N,112500,1
5009632,N,112500,1
6153660,N,112500,1
5009633,Y,144000,0
5009634,Y,144000,0
5009636,N,90000,1
5009637,N,90000,1
5009638,N,90000,1
5009639,N,90000,1
5009642,N,202500,0
5009643,N,202500,0
5009646,N,117000,0
5009647,N,117000,0
5009648,N,117000,0
5090751,N,117000,0
6153670,N,117000,0
5009651,N,135000,1
5009653,N,135000,1
5009654,N,135000,1
5009655,N,135000,1
5009656,N,135000,1
5009657,N,135000,1
5009658,N,135000,1
6153672,N,135000,1
5009660,N,225000,0
5009661,N,225000,0
5009662,N,225000,0
5009663,N,225000,0
5009664,N,126000,0
5009665,N,126000,0
5009666,N,126000,0
5009667,N,126000,0
5009668,N,126000,0
6153673,N,126000,0
5009671,N,135000,0
5009672,N,135000,0
5009673,N,90000,1
5009674,N,90000,1
5009675,N,90000,1
5009676,N,90000,1
5009677,N,90000,1
5009678,N,90000,1
5009680,N,90000,1
5009681,N,90000,1
5009682,N,90000,1
5009683,N,90000,1
5009684,N,90000,1
5009685,N,90000,1
5009686,N,90000,1
5009687,N,90000,1
5009688,N,90000,1
5009689,N,153000,1
5009690,N,153000,1
5009691,N,153000,1
5009693,N,153000,1
6153677,N,153000,1
5009694,Y,1350000,1
5009695,Y,1350000,1
5009698,Y,1350000,1
5009699,Y,1350000,1
5009700,Y,1350000,1
5090752,Y,1350000,1
6153678,Y,1350000,1
5009701,N,139500,0
5009702,N,139500,0
5009703,N,139500,0
5009704,N,139500,0
5009705,N,139500,0
5009706,N,157500,0
5009707,N,157500,0
5009709,N,157500,0
6153679,N,157500,0
5009711,Y,135000,1
5009712,Y,135000,1
5009713,N,180000,1
5009714,N,180000,1
5009715,N,180000,1
5009716,N,180000,1
5009717,N,180000,1
5009718,N,180000,1
5009719,N,225000,1
5009722,N,225000,1
5009724,N,135000,1
5009725,N,135000,1
5009726,N,135000,1
5009727,N,135000,1
5009729,Y,292500,0
5009730,Y,292500,0
5009731,Y,292500,0
5009732,Y,270000,1
5009733,Y,270000,1
5009734,Y,270000,1
6153684,Y,270000,1
5009736,Y,99000,1
5009737,Y,99000,1
5009738,Y,99000,1
5009739,Y,99000,1
5009740,Y,99000,1
5009741,Y,99000,1
5009742,N,135000,1
5009743,N,135000,1
5009745,Y,315000,1
5009746,Y,315000,1
5009748,Y,315000,1
5009750,Y,315000,1
5009751,Y,315000,1
5009755,Y,315000,1
5090754,Y,315000,1
6153696,Y,315000,1
5009757,Y,270000,0
5009758,Y,270000,0
5009759,Y,270000,0
5009760,Y,270000,0
5009761,Y,270000,0
6153697,Y,270000,0
5009762,N,135000,0
5009764,N,135000,0
5009765,N,135000,0
5009766,N,135000,0
5009767,N,135000,0
5009768,N,135000,0
5009773,N,135000,0
5009774,N,135000,0
5009775,N,135000,0
5009777,N,135000,0
5009779,N,135000,0
6153698,N,135000,0
5009783,Y,445500,0
5009784,Y,445500,0
5009785,N,198000,1
5009788,N,198000,1
5009789,N,198000,1
5009790,N,198000,1
5009791,N,198000,1
5009792,N,198000,1
5009794,N,198000,1
5009796,N,198000,1
5009797,N,198000,1
5009798,N,198000,1
6153701,N,198000,1
5009799,Y,382500,1
5009800,Y,382500,1
5009801,Y,382500,1
5009802,Y,382500,1
5009803,Y,382500,1
5009804,Y,382500,1
5090756,Y,382500,1
5009805,N,202500,1
5009806,N,202500,1
5009807,N,202500,1
5009808,N,202500,1
5009809,N,202500,1
5009810,N,202500,1
5009811,N,202500,1
5009812,N,202500,1
5009813,N,202500,1
5009814,N,202500,1
5009816,N,202500,1
5009817,N,202500,1
5090772,N,202500,1
5090773,N,202500,1
6153702,N,202500,1
5009819,Y,99000,1
5009820,Y,99000,1
5009821,Y,99000,1
5009822,Y,99000,1
5009823,Y,99000,1
5009824,Y,99000,1
5009825,Y,99000,1
5009826,N,112500,0
5009827,N,112500,0
5009828,N,112500,0
5009829,N,112500,0
5009830,N,112500,0
5009831,Y,166500,0
5009832,Y,166500,0
5009833,Y,166500,0
5009834,Y,166500,0
5009835,Y,166500,0
5009836,Y,166500,0
6153704,Y,166500,0
5009837,N,135000,0
5009838,N,135000,0
5009839,Y,202500,0
5009841,Y,202500,0
5009843,N,81000,0
5009844,Y,180000,0
5009845,Y,180000,0
5009846,N,225000,1
5009847,N,99000,0
5009848,N,99000,0
5009849,N,99000,0
5009850,Y,360000,1
5009851,Y,360000,1
5009852,Y,360000,1
5009853,Y,360000,1
5009854,Y,360000,1
5009856,Y,360000,1
5009857,Y,360000,1
5009858,Y,360000,1
5009859,Y,360000,1
5009860,Y,360000,1
5009864,Y,225000,0
5009865,Y,225000,0
5009866,Y,225000,0
5009867,Y,225000,0
5009868,Y,225000,0
5009872,Y,427500,0
5009873,Y,427500,0
5009874,Y,427500,0
5009875,Y,427500,0
6153768,Y,427500,0
5009877,N,157500,1
5009878,N,157500,1
5009879,N,144000,0
5009880,N,157500,1
5009881,N,157500,1
5009882,N,157500,1
5009883,N,157500,1
5009884,N,157500,1
5009885,N,157500,1
5009886,N,157500,1
5009887,N,157500,1
5009888,N,157500,1
6153776,N,157500,1
6153777,N,157500,1
5009889,Y,270000,0
5009890,Y,270000,0
5009893,Y,157500,0
6153791,Y,157500,0
5009897,Y,90000,0
5009898,Y,90000,0
5009899,Y,90000,0
5009900,Y,202500,0
5009903,Y,202500,0
5009906,Y,202500,0
5009907,Y,202500,0
5009908,Y,202500,0
5009909,Y,202500,0
5009910,Y,202500,0
5009911,Y,202500,0
5009914,N,99000,1
5009915,N,99000,1
5009916,N,99000,1
5009917,N,99000,1
5009918,N,99000,1
5009919,N,99000,1
5009922,Y,360000,0
5009923,Y,360000,0
5009924,Y,360000,0
5009925,Y,360000,0
5009927,Y,360000,0
5009928,Y,360000,0
5009929,Y,360000,0
5009930,Y,360000,0
5009931,Y,360000,0
5009932,Y,360000,0
6153619,Y,360000,0
6153644,Y,360000,0
6153645,Y,360000,0
6153646,Y,360000,0
5009934,N,157500,0
5009935,N,157500,0
5009938,N,157500,0
5009939,N,157500,0
5009940,N,157500,0
5009941,N,157500,0
5009942,N,157500,0
5009943,N,157500,0
6153647,N,157500,0
6153648,N,157500,0
5009944,N,135000,0
5009945,Y,99000,0
5009946,Y,90000,0
5009947,Y,90000,0
5009949,Y,90000,0
5009950,Y,90000,0
5009951,N,90000,0
5009952,Y,112500,0
5009954,Y,112500,0
5009955,Y,112500,0
5009957,Y,135000,0
5009958,Y,135000,0
5009960,Y,135000,0
5009961,Y,135000,0
6153725,Y,135000,0
5009965,Y,180000,0
5009966,Y,180000,0
5009967,Y,180000,0
5009968,Y,180000,0
5009969,Y,180000,0
5009970,Y,180000,0
5009971,Y,180000,0
5009978,Y,180000,0
5009979,Y,180000,0
5009980,Y,180000,0
5009981,Y,180000,0
5009983,Y,180000,0
5009984,Y,180000,0
5009985,Y,180000,0
5009986,Y,180000,0
6153743,Y,180000,0
5009988,Y,495000,0
5009989,Y,495000,0
5009990,Y,495000,0
5009991,Y,157500,0
5009992,Y,157500,0
5009993,N,135000,0
5009994,Y,360000,0
5009995,Y,360000,0
5009996,Y,360000,0
5009997,Y,360000,0
5009998,Y,360000,0
5009999,Y,157500,1
5010000,Y,157500,1
5010001,N,157500,0
5010002,N,157500,0
5010003,N,157500,0
5010004,N,157500,0
5010005,Y,157500,0
5010006,Y,157500,0
6153778,Y,157500,0
5010007,N,112500,1
5010009,N,112500,1
5010010,N,112500,1
5010011,N,112500,1
5010012,N,112500,1
6153779,N,112500,1
6153780,N,112500,1
5010015,Y,112500,0
5010016,Y,112500,0
5010017,Y,112500,0
5010018,Y,112500,0
5010019,Y,112500,0
6153781,Y,112500,0
5010020,N,99000,0
5010021,N,99000,0
5010023,N,135000,0
5010025,N,135000,0
5010026,N,135000,0
5010027,N,135000,0
5010028,N,135000,0
5010031,Y,85500,1
5010032,Y,85500,1
5010036,N,292500,0
5010037,N,292500,0
5010038,N,292500,0
5010039,N,292500,0
5010040,N,292500,0
6153814,N,292500,0
6153815,N,292500,0
5010041,N,67500,0
5010042,N,67500,0
5010043,N,67500,0
5010044,N,67500,0
5010045,N,67500,0
5010046,N,67500,0
5010047,N,67500,0
5010048,N,67500,0
5010049,N,67500,0
5010052,N,90000,0
5010053,N,90000,0
5010055,N,90000,0
5010056,N,90000,0
6153595,N,90000,0
6153596,N,90000,0
5010057,Y,112500,1
5010058,Y,112500,1
5010059,N,112500,0
5010060,N,112500,0
5010061,N,112500,0
5010062,N,112500,0
5010063,N,112500,0
5010064,N,112500,0
5010066,N,112500,0
6153597,N,112500,0
6153620,N,112500,0
6153621,N,112500,0
5010067,N,360000,0
5010068,N,360000,0
5010070,N,279000,0
5010072,N,157500,0
5010073,N,157500,0
5010075,N,157500,0
5010076,N,157500,0
6153622,N,157500,0
5010077,Y,157500,0
5010078,Y,157500,0
5010079,Y,157500,0
5010081,N,135000,1
5010083,N,135000,1
5010084,N,135000,1
5010085,N,135000,1
5010086,N,135000,1
5010087,N,135000,1
5090855,N,135000,1
5010088,Y,112500,0
5010089,N,225000,0
5010090,N,225000,0
5010091,N,225000,0
5010092,N,225000,0
5010093,N,225000,0
5010094,N,225000,0
5010099,Y,306000,0
5010101,Y,306000,0
5010102,Y,306000,0
5010104,N,166500,0
5010105,N,166500,0
5010106,N,166500,0
5010108,Y,135000,0
5010109,Y,135000,0
5010110,Y,135000,0
5010111,Y,135000,0
5010112,Y,135000,0
5010113,Y,202500,0
5010114,Y,202500,0
5010115,Y,202500,0
5010116,Y,202500,0
6153663,Y,202500,0
5010117,N,67500,1
5010118,N,180000,0
5010119,Y,315000,0
5010120,Y,315000,0
5010121,Y,315000,0
5010122,Y,315000,0
5010123,Y,315000,0
5010124,Y,202500,0
5010126,N,270000,1
5010127,N,270000,1
5010128,N,270000,1
5010129,N,270000,1
5010133,N,270000,1
5010135,N,270000,1
5010136,N,270000,1
5010137,N,270000,1
6153705,N,270000,1
6153706,N,270000,1
6153707,N,270000,1
5010138,Y,112500,0
5010139,Y,112500,0
5010140,Y,112500,0
5010141,Y,112500,0
5010143,Y,112500,0
5010144,Y,112500,0
5010145,Y,112500,0
5010146,Y,112500,0
6153713,Y,112500,0
6153714,Y,112500,0
5010147,Y,157500,0
5010150,Y,157500,0
5010151,Y,157500,0
5010152,Y,157500,0
5010153,Y,157500,0
5010154,Y,157500,0
5010156,Y,157500,0
5090887,Y,157500,0
5010158,Y,202500,0
5010159,Y,202500,0
5010160,Y,252000,1
5010161,Y,252000,1
5010162,Y,252000,1
5010163,Y,252000,1
5010164,Y,252000,1
5010165,N,135000,0
5010166,N,135000,0
5010170,N,135000,0
5010172,N,135000,0
5010173,N,135000,0
6153758,N,135000,0
5010174,N,90000,0
5010175,Y,225000,1
5010176,Y,225000,1
5010177,Y,225000,1
5010178,Y,225000,1
5010179,Y,225000,1
5010182,N,247500,1
5010183,N,247500,1
5010184,N,247500,1
5010185,N,247500,1
5010186,N,247500,1
5010187,N,247500,1
6153762,N,247500,1
6153763,N,247500,1
5010188,N,76500,1
5010190,N,76500,1
6153769,N,76500,1
5010192,Y,126000,0
5010193,Y,126000,0
5010195,N,360000,0
5010196,N,135000,1
5010197,N,135000,1
5010198,Y,135000,0
5010199,Y,135000,0
5010200,Y,135000,0
5010201,Y,135000,0
5010202,Y,135000,0
5010203,Y,135000,0
5010204,Y,135000,0
5010205,Y,135000,0
5010206,Y,135000,0
5010207,Y,135000,0
5010208,N,135000,0
5010209,N,135000,0
5010210,Y,202500,0
5010211,Y,202500,0
5010212,Y,202500,0
5010213,Y,202500,0
5010215,Y,90000,0
5010217,Y,90000,0
5010218,Y,90000,0
5010222,Y,90000,0
5010223,Y,90000,0
5010224,Y,90000,0
5010225,Y,90000,0
5010226,Y,90000,0
5010227,Y,90000,0
5010228,Y,315000,0
5010230,Y,315000,0
5010231,Y,315000,0
5010234,Y,225000,0
5010235,Y,225000,0
5010236,Y,225000,0
5010238,Y,225000,0
5010239,Y,225000,0
5010240,Y,225000,0
5010241,Y,225000,0
5010242,Y,225000,0
5010243,Y,225000,0
5010244,Y,225000,0
5010245,Y,225000,0
5010246,Y,225000,0
5010247,Y,225000,0
5010248,Y,225000,0
5010249,Y,225000,0
5010250,Y,225000,0
5010253,Y,247500,0
5090944,Y,247500,0
6153599,Y,247500,0
5010256,Y,67500,0
5010257,Y,67500,0
5010258,N,562500,1
5010259,N,562500,1
5010261,N,562500,1
5010262,N,562500,1
5010263,N,562500,1
5010264,N,562500,1
5010265,N,562500,1
5010266,N,562500,1
5010268,N,562500,1
5010269,N,562500,1
5010270,N,562500,1
5010271,N,562500,1
5010272,N,562500,1
5010273,N,562500,1
5010274,N,562500,1
5010275,N,562500,1
5010276,N,562500,1
5010277,N,562500,1
5010278,N,562500,1
5010279,N,562500,1
5010280,N,562500,1
5010281,N,562500,1
5010282,N,562500,1
6153649,N,562500,1
5010283,N,126000,0
5010284,N,126000,0
5010285,N,126000,0
5010286,N,126000,0
5010287,N,126000,0
5010288,N,126000,0
5010289,N,126000,0
5010290,N,126000,0
5010291,N,126000,0
5010292,N,126000,0
5010293,N,99000,0
5010294,N,99000,0
5010295,N,99000,0
5010296,N,135000,0
5010297,N,135000,0
5010298,N,135000,0
5010299,N,135000,0
5010300,N,135000,0
5010302,N,189000,1
5010303,N,189000,1
5010304,N,189000,1
5010305,N,157500,0
5010306,N,157500,0
5010307,N,157500,0
6153716,N,157500,0
5010309,Y,112500,0
5010310,Y,112500,0
5010311,Y,112500,0
5010312,Y,112500,0
5010313,Y,112500,0
5010314,Y,112500,0
5010315,Y,112500,0
5010316,Y,112500,0
5010317,N,135000,0
5010318,N,135000,0
5010319,N,135000,0
5010320,N,135000,0
5010321,N,135000,0
6153726,N,135000,0
5010322,N,216000,0
5010323,N,216000,0
5010324,N,216000,0
5010325,N,216000,0
5010326,N,216000,0
5010327,N,216000,0
5010328,N,216000,0
5010329,N,216000,0
5010330,N,216000,0
5010331,N,216000,0
5010332,N,216000,0
5010333,N,216000,0
5010334,N,216000,0
5010335,N,216000,0
5010336,N,216000,0
5010337,N,216000,0
5010338,N,216000,0
5010339,N,216000,0
5010340,N,216000,0
5010341,N,216000,0
5010342,N,216000,0
5010343,N,216000,0
5010344,N,216000,0
5010345,N,216000,0
5010346,N,328500,0
5010347,N,328500,0
6153727,N,328500,0
5010348,N,126000,0
5010351,Y,180000,0
5010352,Y,180000,0
5010356,N,310500,0
6153746,N,310500,0
5010358,N,126000,1
5010359,N,126000,1
5010360,N,67500,0
5010361,Y,90000,1
5010362,Y,90000,1
5010363,Y,90000,1
5010364,Y,90000,1
5010365,Y,157500,0
5010366,Y,157500,0
5010367,Y,157500,0
5010368,Y,157500,0
5010369,Y,157500,0
5010370,Y,157500,0
6153764,Y,157500,0
5010371,Y,270000,0
5010372,Y,270000,0
5010373,Y,270000,0
5010374,Y,270000,0
5010375,Y,270000,0
5010376,Y,270000,0
5010377,Y,270000,0
5010378,Y,270000,0
5010379,Y,270000,0
5010380,Y,270000,0
5010381,Y,270000,0
5010382,Y,270000,0
5010383,Y,270000,0
5010385,Y,540000,0
5010386,Y,540000,0
5010387,Y,540000,0
5010388,Y,540000,0
5010389,Y,540000,0
5010390,Y,540000,0
5010391,Y,540000,0
6153782,Y,540000,0
6153783,Y,540000,0
5010394,Y,225000,1
5010397,Y,225000,1
5010398,Y,225000,1
5010400,Y,225000,1
5010402,N,202500,0
5010404,N,202500,0
5010406,N,202500,0
5010407,N,202500,0
5010408,N,202500,0
5010409,N,202500,0
5010410,N,202500,0
5010411,N,202500,0
5010412,N,202500,0
5010413,N,202500,0
6153792,N,202500,0
6153793,N,202500,0
6153794,N,202500,0
5010414,Y,270000,0
5010416,Y,270000,0
5010417,Y,270000,0
5010418,Y,270000,0
5010419,Y,270000,0
5010420,N,67500,0
5010421,N,67500,0
5010423,N,67500,0
5010424,N,67500,0
5010425,N,67500,0
5010426,N,67500,0
5010427,N,67500,0
5010428,N,67500,0
5010429,N,67500,0
5010430,N,67500,0
6153816,N,67500,0
6153817,N,67500,0
5010431,Y,180000,0
5010432,Y,180000,0
5010434,N,90000,0
5010435,N,90000,0
5010436,N,90000,0
5010437,N,90000,0
5010438,N,90000,0
5010439,N,90000,0
5010443,N,90000,0
5010444,N,90000,0
6153563,N,90000,0
6153565,N,90000,0
6153566,N,90000,0
5010447,N,202500,0
5010448,N,202500,0
5010449,N,202500,0
5010450,N,202500,0
5010451,N,202500,0
5010452,N,202500,0
6153568,N,202500,0
5010453,Y,157500,0
5010454,Y,157500,0
5010455,Y,157500,0
5010456,N,171000,0
5010457,N,171000,0
5010458,N,171000,0
5010459,N,171000,0
5010460,N,171000,0
5010461,N,171000,0
5010462,N,171000,0
5010463,N,171000,0
5010465,Y,157500,1
5010466,Y,157500,1
5010467,Y,157500,1
5010468,Y,675000,0
5010470,Y,675000,0
5010471,Y,675000,0
5010472,Y,675000,0
5010473,Y,135000,0
5010474,Y,135000,0
6153650,Y,135000,0
5010480,Y,315000,1
5010481,Y,315000,1
5010482,Y,315000,1
5010483,Y,315000,1
5010484,Y,315000,1
5010485,Y,112500,0
5010486,Y,112500,0
5010487,Y,112500,0
5010488,Y,112500,0
5010489,Y,112500,0
5010490,Y,112500,0
5010491,Y,270000,0
5010492,Y,270000,0
5010493,Y,270000,0
5010494,Y,270000,0
5010496,Y,202500,0
5010497,Y,202500,0
5010498,Y,202500,0
5010499,Y,202500,0
5010500,Y,202500,0
5010501,N,90000,0
5010503,Y,135000,0
5010504,Y,135000,0
5010507,Y,157500,0
5010508,Y,157500,0
5010509,Y,157500,0
5010511,Y,157500,0
5010512,Y,157500,0
5010513,Y,157500,0
6153717,Y,157500,0
5010515,Y,112500,0
5010516,Y,112500,0
5010517,Y,112500,0
5010518,Y,450000,0
5010519,Y,450000,0
5010520,Y,450000,0
5010521,Y,450000,0
5010522,Y,450000,0
5010523,Y,450000,0
5010524,Y,450000,0
5010525,Y,450000,0
5010526,Y,450000,0
5010527,Y,450000,0
5010528,Y,450000,0
5010529,Y,450000,0
5010530,Y,450000,0
6153718,Y,450000,0
5010531,N,76500,0
5010532,N,76500,0
5010533,N,76500,0
5010534,Y,90000,0
5010535,Y,135000,0
5010536,Y,135000,0
5010539,Y,135000,0
5010540,Y,135000,0
5010541,Y,135000,0
5010542,Y,315000,1
5010543,Y,315000,1
5010544,Y,315000,1
5010545,Y,315000,1
5010546,Y,315000,1
5010547,Y,315000,1
5010548,Y,315000,1
5010549,Y,315000,1
5010551,Y,315000,1
5010553,Y,315000,1
6153729,Y,315000,1
6153730,Y,315000,1
5010556,Y,135000,1
5010557,Y,135000,1
5010558,Y,135000,1
5010559,Y,135000,1
5010560,Y,135000,1
5010564,Y,121500,0
5010565,Y,121500,0
5010566,Y,121500,0
5010567,Y,121500,0
5010568,Y,121500,0
5010569,Y,121500,0
5010570,Y,121500,0
5010571,Y,121500,0
5010572,Y,121500,0
5010573,Y,121500,0
6153731,Y,121500,0
5010574,Y,247500,0
5010575,Y,247500,0
5010578,Y,247500,0
5010579,Y,247500,0
5010583,N,72000,0
6153747,N,72000,0
5010584,Y,135000,0
5010585,Y,135000,0
5010586,Y,180000,0
5010587,Y,180000,0
5010588,Y,180000,0
5010589,Y,180000,0
5010590,Y,180000,0
5010591,Y,180000,0
5010592,N,112500,0
5010593,N,112500,0
5010594,N,112500,0
5010595,N,112500,0
5010596,N,112500,0
5010597,N,112500,0
5010598,N,247500,0
5090697,N,247500,0
5010599,N,90000,0
5010600,N,90000,0
5010601,N,90000,0
5010602,N,90000,0
5010603,N,90000,0
5010604,N,90000,0
5010605,N,90000,0
5010606,N,65250,1
5010607,N,65250,1
5010608,N,65250,1
5010609,N,65250,1
5010610,N,65250,1
6153759,N,65250,1
6153760,N,65250,1
5010613,N,184500,0
5010615,N,90000,0
5010616,N,90000,0
5010617,N,90000,0
5010620,N,103500,1
5010621,N,103500,1
5010622,N,103500,1
5010623,N,103500,1
5010624,N,103500,1
5010625,N,180000,0
5010626,N,180000,0
5010627,N,180000,0
5010629,N,180000,0
5010630,N,180000,0
5010632,Y,180000,0
5010633,Y,180000,0
5010635,Y,180000,0
5010636,Y,180000,0
5010637,Y,180000,0
5010638,Y,180000,0
5010639,Y,180000,0
5010640,Y,180000,0
5010641,Y,180000,0
5010642,N,180000,1
5010643,N,180000,1
6153785,N,180000,1
5010644,N,157500,0
5010645,Y,67500,0
5010646,Y,67500,0
5010647,N,112500,1
5010648,N,112500,1
5010649,N,112500,1
5010650,N,112500,1
5010651,N,112500,1
6153795,N,112500,1
5010652,Y,180000,0
5010653,Y,270000,0
5010654,Y,270000,0
5010655,Y,270000,0
5010656,Y,270000,0
5010657,Y,270000,0
5010658,Y,270000,0
5010659,Y,270000,0
5010660,Y,270000,0
5010661,Y,270000,0
5010662,Y,270000,0
5010663,Y,270000,0
5010664,Y,270000,0
5010665,Y,180000,0
5010666,Y,180000,0
5010667,Y,180000,0
5010668,Y,180000,0
5010669,Y,180000,0
5010670,Y,180000,0
5010671,Y,180000,0
5010672,N,157500,0
5010673,N,157500,0
5010674,N,157500,0
6153569,N,157500,0
5010675,N,225000,0
5010676,Y,189000,0
5010677,Y,189000,0
5010678,Y,292500,0
5010679,Y,292500,0
5010680,Y,292500,0
5010681,Y,292500,0
5010682,Y,292500,0
5010683,Y,292500,0
5010684,Y,292500,0
5010685,Y,292500,0
5010686,Y,292500,0
5010689,Y,99000,1
5010690,Y,99000,1
6153623,Y,99000,1
5010691,N,202500,0
5010692,N,202500,0
5010693,N,202500,0
5010694,N,202500,0
5010696,Y,292500,0
5010697,Y,292500,0
5010699,Y,292500,0
5010700,Y,292500,0
5010701,Y,292500,0
5010702,Y,292500,0
5010703,Y,292500,0
5010706,Y,202500,1
5010707,Y,202500,1
5010708,Y,202500,1
6153664,Y,202500,1
5010709,N,180000,1
5010710,N,180000,1
5010711,N,180000,1
5010713,N,180000,1
5010715,N,135000,0
5010716,N,135000,0
5010717,N,135000,0
5010722,N,135000,0
5010724,N,135000,0
5010725,N,135000,0
5010726,N,135000,0
5010727,N,135000,0
5010728,N,135000,0
5010729,N,135000,0
5010730,N,135000,0
5010731,N,135000,0
6153708,N,135000,0
5010734,N,157500,0
5010735,N,157500,0
5010737,N,157500,0
5010739,N,157500,0
5010740,N,157500,0
5010741,N,157500,0
5010742,N,157500,0
5010743,Y,157500,1
5010745,Y,157500,1
5010746,Y,157500,1
5010747,Y,157500,1
6153748,Y,157500,1
5010750,Y,67500,1
5010751,Y,67500,1
5010752,Y,67500,1
5010754,Y,67500,1
5010755,Y,67500,1
6153749,Y,67500,1
6153750,Y,67500,1
5010758,N,162000,0
5010759,N,162000,0
6153751,N,162000,0
5010760,Y,112500,0
5010761,Y,112500,0
5010762,Y,112500,0
5010763,Y,112500,0
5010764,N,135000,1
5010765,N,135000,1
5010766,N,135000,1
5010767,N,135000,1
5010768,N,135000,1
5010769,N,135000,1
5010770,N,135000,1
5010771,N,135000,1
5010772,N,360000,0
5010773,N,135000,0
5010774,N,135000,0
5010775,N,135000,0
5010779,Y,157500,0
5010781,Y,157500,0
5010782,Y,157500,0
5010783,N,165150,0
6153765,N,165150,0
5010785,N,337500,0
5010786,N,337500,0
5010787,N,337500,0
6153766,N,337500,0
6153767,N,337500,0
5010789,N,99000,0
5010790,N,99000,0
5010791,N,99000,0
5010792,N,99000,0
5010793,N,99000,0
5010794,N,99000,0
5010795,N,45000,1
5010796,N,45000,1
5010797,N,270000,0
5010798,N,270000,0
5010799,N,270000,0
5010800,N,270000,0
5010801,N,270000,0
5010802,N,270000,0
5010803,N,270000,0
6153786,N,270000,0
5010804,N,135000,0
5010805,N,135000,0
5010806,N,135000,0
5010807,N,135000,0
5010808,N,135000,0
5010809,N,135000,0
5010810,N,135000,0
5010811,N,135000,0
5010812,N,135000,0
5010813,N,67500,0
5010814,N,67500,0
5010815,N,67500,0
5010817,N,67500,0
5010818,N,67500,0
6153796,N,67500,0
5010819,Y,270000,0
5010820,Y,270000,0
5010821,Y,270000,0
5010822,Y,270000,0
5010823,Y,270000,0
5010824,Y,270000,0
5010825,Y,270000,0
5010826,Y,270000,0
5010827,Y,270000,0
5010828,Y,270000,0
5010829,Y,270000,0
5010830,Y,270000,0
5010831,Y,270000,0
5010832,Y,270000,0
5010835,Y,139500,0
5010836,N,90000,0
5010837,N,90000,0
5010840,N,180000,0
5010841,Y,112500,0
5010842,Y,112500,0
5010843,Y,157500,0
5010844,Y,157500,0
5010847,Y,157500,0
5010848,N,54000,0
5010849,N,54000,0
5010850,N,90000,0
5010854,N,90000,0
5010855,N,90000,0
6153602,N,90000,0
5010856,N,157500,0
5010857,N,157500,0
5010858,N,157500,0
5010859,N,157500,0
5010860,N,157500,0
5090783,N,157500,0
5010861,Y,112500,0
5010862,Y,450000,1
5010863,Y,450000,1
5010864,Y,450000,1
5010865,Y,450000,1
5010866,Y,450000,1
5010870,Y,450000,1
5010871,Y,450000,1
5010872,Y,450000,1
5010873,Y,450000,1
5010874,N,45000,1
5010875,N,45000,1
5010876,N,45000,1
5010877,N,45000,1
5010878,N,45000,1
5010879,N,45000,1
5010880,N,45000,1
5010881,N,45000,1
5010883,N,270000,0
5010886,N,157500,0
5010887,N,157500,0
5010888,N,157500,0
5010890,N,157500,0
5010891,N,157500,0
5010892,N,157500,0
5010893,N,157500,0
6153666,N,157500,0
5010897,Y,112500,1
5010898,Y,112500,1
5010899,Y,112500,1
5010900,Y,112500,1
5010902,N,360000,0
5010903,N,360000,0
5010904,N,360000,0
5010906,N,360000,0
6153687,N,360000,0
5010908,Y,81000,0
5010910,Y,81000,0
5010913,Y,81000,0
6153688,Y,81000,0
6153690,Y,81000,0
5010916,Y,243000,1
5010917,Y,243000,1
5010918,Y,243000,1
5010919,Y,243000,1
5010921,N,94500,0
5010923,N,94500,0
5010924,Y,270000,0
5010925,Y,270000,0
5010926,Y,270000,0
5010927,Y,270000,0
5010928,Y,270000,0
5010929,Y,270000,0
5010930,Y,270000,0
5010931,Y,270000,0
5010932,Y,270000,0
5010934,N,135000,0
5010935,N,135000,0
5010936,N,135000,0
5010937,N,135000,0
5010938,N,135000,0
5010939,N,135000,0
5010940,N,135000,0
5010941,N,135000,0
5090803,N,135000,0
5090805,N,135000,0
5010943,N,157500,0
5010944,Y,270000,0
5010945,Y,270000,0
5010946,Y,270000,0
5010947,Y,270000,0
5010948,Y,270000,0
5010949,Y,270000,0
5010950,Y,270000,0
5010951,Y,270000,0
5010952,Y,270000,0
6153710,Y,270000,0
5010953,Y,337500,0
5010954,Y,337500,0
5010956,Y,337500,0
5010957,Y,337500,0
5010958,Y,337500,0
5010959,Y,337500,0
5010960,Y,202500,0
5010961,Y,202500,0
5010962,N,256500,0
5010963,N,256500,0
5010964,N,256500,0
5010965,N,256500,0
5010966,N,256500,0
5010967,N,256500,0
6153719,N,256500,0
5010972,N,135000,0
6153753,N,135000,0
5010974,Y,126000,0
5010975,Y,126000,0
5010976,Y,126000,0
5010977,N,67500,0
5010978,N,67500,0
5010980,Y,225000,0
5090824,Y,225000,0
5010981,Y,270000,0
5010982,Y,270000,0
5010983,N,135000,0
5010984,N,135000,0
5010986,N,121500,0
5010987,N,121500,0
5010989,N,121500,0
5010990,N,90000,0
5010991,N,90000,0
5010992,N,90000,0
5010993,N,90000,0
5010994,N,90000,0
5010995,N,90000,0
5010996,N,90000,0
5010997,N,90000,0
5010998,N,90000,0
5010999,N,90000,0
5011000,N,90000,0
5011001,Y,157500,0
5011002,Y,157500,0
5011003,Y,157500,0
5011004,Y,157500,0
5011005,Y,157500,0
5011006,Y,157500,0
5011007,Y,157500,0
5011008,Y,157500,0
5011009,Y,157500,0
5011010,Y,157500,0
5011011,Y,135000,1
5011012,Y,135000,1
5011013,Y,135000,1
5011014,Y,135000,1
5011015,Y,135000,1
6153771,Y,135000,1
5011022,Y,99000,0
5011023,Y,99000,0
5011024,Y,99000,0
5011025,Y,99000,0
5011026,Y,99000,0
5011027,Y,99000,0
6153797,Y,99000,0
5011028,N,292500,0
5011029,N,292500,0
5011031,N,135000,1
5011032,N,135000,1
5011033,N,135000,1
5011036,N,315000,0
5011037,N,315000,0
5011039,N,315000,0
5011040,N,315000,0
5011041,N,315000,0
5011042,N,315000,0
5011043,N,315000,0
5011044,N,315000,0
5011045,N,315000,0
6153820,N,315000,0
5018414,N,33300,0
5018415,N,33300,0
5018417,Y,697500,0
5018418,Y,697500,0
5018419,N,135000,0
5018420,N,135000,0
5018421,N,135000,0
5018422,N,202500,0
5018423,N,202500,0
5018424,N,202500,0
5018425,N,202500,0
5018426,N,202500,0
5018428,N,135000,0
5018429,N,135000,0
5018430,Y,112500,0
5018431,Y,112500,0
5018432,Y,112500,0
5018433,Y,112500,0
5018439,N,202500,0
5018440,N,202500,0
5018442,N,202500,0
5585486,N,202500,0
5585487,N,202500,0
5018443,N,198000,0
5018444,N,675000,1
5018445,N,675000,1
5018446,N,675000,1
5018447,N,675000,1
5018448,N,675000,1
5018450,N,675000,1
5018451,N,675000,1
5018452,N,675000,1
5018453,N,101250,1
5018455,N,101250,1
5018457,N,101250,1
5018458,N,101250,1
5018459,N,101250,1
5018460,N,101250,1
5585320,N,101250,1
5018461,N,166500,1
5018462,N,166500,1
5018464,N,166500,1
5018465,N,166500,1
5018466,N,166500,1
5018467,N,166500,1
5018469,N,166500,1
5018470,N,166500,1
5018471,N,166500,1
5018472,N,166500,1
5585321,N,166500,1
5018477,Y,292500,0
5018478,Y,292500,0
5018479,Y,292500,0
5018480,N,112500,1
5018481,N,90000,1
5018482,N,90000,1
5018483,N,90000,1
5018484,N,90000,1
5018485,N,90000,1
5018486,N,90000,1
5018487,N,90000,1
5018488,N,90000,1
5018492,Y,675000,1
5018493,Y,675000,1
5018495,Y,675000,1
5018496,N,54000,0
5018498,Y,90000,1
5018500,Y,90000,1
5018501,Y,90000,1
5018502,Y,90000,1
5018503,Y,90000,1
5018504,N,58500,0
5018505,N,58500,0
5018506,N,58500,0
5021187,N,180000,0
5021188,N,180000,0
5021189,N,180000,0
5021190,N,180000,0
5021191,Y,112500,1
6736965,Y,112500,1
6736966,Y,112500,1
6736967,Y,112500,1
6736968,Y,112500,1
5021192,N,225000,0
5021193,N,225000,1
5021194,N,225000,1
5021195,N,225000,1
5113230,N,225000,1
5021196,Y,675000,0
5021197,Y,675000,0
5021201,Y,675000,0
5021202,Y,675000,0
5021203,Y,675000,0
5021204,Y,675000,0
5021205,Y,675000,0
6423544,Y,675000,0
6423545,Y,675000,0
5021207,N,171000,0
5021208,Y,225000,0
5021209,Y,225000,0
5021210,Y,225000,0
5021211,Y,225000,0
6423589,Y,225000,0
5021212,Y,225000,1
5021213,Y,225000,1
5021214,Y,225000,1
5021217,Y,225000,1
5021218,Y,225000,1
5090155,Y,225000,1
5021219,Y,310500,0
5021220,Y,310500,0
5021221,Y,310500,0
5021222,Y,310500,0
5021223,Y,310500,0
5021224,Y,310500,0
5021225,Y,310500,0
5021226,Y,310500,0
5021227,Y,310500,0
5113048,Y,310500,0
5021228,N,112500,0
5021229,N,112500,0
5021231,N,225000,0
5021232,N,225000,0
6423590,N,225000,0
5021234,N,67500,0
5021235,N,67500,0
5021236,N,67500,0
5021237,N,135000,0
5021238,N,135000,0
5021239,N,135000,0
5021240,N,135000,0
5021241,N,135000,0
5021242,N,135000,0
5021243,N,135000,0
5021244,N,135000,0
5021247,N,135000,0
5021248,N,135000,0
5021255,N,135000,0
5021256,N,135000,0
5021257,N,135000,0
5021258,N,135000,0
5021259,N,135000,0
5021260,N,135000,0
6423591,N,135000,0
5021250,N,157500,0
5021251,N,157500,0
5021253,N,157500,0
5021254,N,157500,0
5021261,N,157500,0
5113049,N,157500,0
5021263,N,135000,0
5021264,N,135000,0
5021265,N,135000,0
5021266,Y,270000,0
5021267,Y,270000,0
5021270,Y,270000,0
5021271,Y,270000,0
5021272,Y,270000,0
5021273,Y,110250,0
5021274,Y,110250,0
5021276,Y,110250,0
5021277,Y,110250,0
5021278,Y,110250,0
5021279,Y,110250,0
5021280,Y,110250,0
5021281,Y,110250,0
5090156,Y,110250,0
5021283,N,157500,0
5021284,N,135000,0
5021287,N,135000,0
5021288,N,135000,0
5021291,Y,180000,0
5021292,Y,180000,0
5021293,Y,180000,0
5021294,Y,180000,0
5021295,Y,180000,0
5021296,Y,180000,0
5021298,N,90000,0
5021299,N,90000,0
5021301,N,90000,0
6423690,N,90000,0
6423691,N,90000,0
5021302,N,472500,0
5021305,N,270000,0
5021306,N,270000,0
5021307,N,270000,0
5021308,N,270000,0
5021309,N,270000,0
5021312,N,270000,0
5021315,N,270000,0
5021316,N,270000,0
5021317,N,270000,0
5021318,N,270000,0
5021319,N,270000,0
5021320,N,270000,0
5021321,N,270000,0
5021322,N,270000,0
5021323,N,270000,0
5021324,N,270000,0
5113087,N,270000,0
5113088,N,270000,0
5021328,N,90000,0
5021329,N,90000,0
5021330,N,90000,0
5021331,N,90000,0
5021332,N,90000,0
5021334,N,90000,0
5021335,N,90000,0
5021336,N,90000,0
5021337,N,90000,0
5021338,N,90000,0
5021339,Y,270000,0
5021340,Y,270000,0
5021341,Y,270000,0
5021342,Y,270000,0
5021343,Y,270000,0
5021344,N,112500,0
5021346,Y,315000,0
5021347,N,67500,1
5021348,N,67500,1
5021349,N,67500,1
5021350,Y,225000,0
5021353,Y,225000,0
5021359,Y,225000,0
5021360,Y,225000,0
5021361,Y,225000,0
5021362,Y,225000,0
5113104,Y,225000,0
5113105,Y,225000,0
5113106,Y,225000,0
5021354,N,67500,0
5021355,N,67500,0
5021358,N,67500,0
6423748,N,67500,0
5021365,N,270000,0
5021366,N,270000,0
5021367,N,270000,0
5021368,N,270000,0
5021370,N,247500,0
5021371,N,247500,0
5021372,N,247500,0
5021373,N,247500,0
5021375,N,247500,0
5021377,N,247500,0
5021378,N,247500,0
5021379,N,247500,0
5021380,N,247500,0
5021381,N,247500,0
5021382,N,121500,0
5021383,N,121500,0
5021384,N,121500,0
5021385,N,121500,0
5021386,N,121500,0
5021387,N,121500,0
5021388,N,121500,0
5021389,N,121500,0
5021390,N,121500,0
5021391,N,121500,0
5021392,N,121500,0
6416387,N,121500,0
6416388,N,121500,0
5021393,N,189000,0
5021394,N,189000,0
5021397,N,189000,0
5021398,N,189000,0
5021399,N,189000,0
5021402,N,189000,0
5021404,N,189000,0
5021405,N,189000,0
5021406,N,189000,0
5113134,N,189000,0
5113135,N,189000,0
5021410,N,270000,1
5021413,N,270000,1
5021414,N,270000,1
5021415,N,270000,1
5021416,N,270000,1
5021419,N,270000,1
5021420,N,270000,1
5021421,N,270000,1
5021423,N,270000,1
6416468,N,270000,1
5021425,Y,225000,1
5021429,N,126000,0
5021430,N,126000,0
5021431,N,126000,0
5021434,N,270000,0
5021435,N,270000,0
5113145,N,270000,0
5021436,N,135000,0
5021437,N,135000,0
5021438,N,135000,0
5021439,N,135000,0
5021440,N,135000,0
5021441,N,135000,0
5021442,N,135000,0
5021443,N,135000,0
6423221,N,135000,0
5021444,N,121500,1
5021445,N,121500,1
5021446,N,121500,1
6423222,N,121500,1
5021448,N,196650,0
5021450,N,196650,0
5021451,N,202500,1
5021452,N,202500,1
5021453,N,202500,1
5021454,N,202500,1
5113170,N,202500,1
5021455,N,81000,1
5021456,N,81000,1
5021457,N,81000,1
5021458,Y,225000,0
5021459,Y,225000,0
5021460,Y,225000,0
5021461,Y,225000,0
5021462,Y,225000,0
5021463,Y,225000,0
5021464,Y,166500,0
5021465,Y,166500,0
5021466,N,90000,0
5021467,N,90000,0
5021468,N,90000,0
5021471,N,157500,1
5021472,N,157500,1
5021474,N,135000,1
5021486,N,135000,1
6423322,N,135000,1
5021475,N,135000,1
5021476,N,135000,1
5021477,N,135000,1
5021478,N,135000,1
5021479,N,135000,1
5021480,N,135000,1
5021481,N,135000,1
5021482,N,135000,1
5021483,N,135000,1
5021484,N,135000,1
5021485,N,135000,1
5021487,Y,135000,0
5021488,Y,135000,0
5021489,Y,135000,0
5021490,N,135000,1
5021491,N,135000,1
6423372,N,135000,1
5021493,N,157500,0
5021494,N,157500,0
5021496,N,157500,0
5021497,N,157500,0
5021498,N,157500,0
5021499,N,157500,0
5021500,Y,292500,0
5113188,Y,292500,0
5021502,N,202500,0
5021504,N,202500,0
5021506,N,202500,0
5021507,N,202500,0
5021508,N,144000,1
5021509,N,144000,1
5021510,N,144000,1
5021513,N,144000,1
5021514,N,144000,1
5021515,N,144000,1
5021516,N,144000,1
5021517,N,144000,1
5021518,N,144000,1
5021519,N,144000,1
5021520,N,144000,1
5021522,N,202500,0
5021525,N,202500,0
5021526,N,202500,0
5021527,N,202500,0
5021528,N,202500,0
5021529,N,202500,0
6423402,N,202500,0
5021530,N,112500,0
5021532,N,112500,0
6423404,N,112500,0
5021533,Y,135000,0
5021534,N,67500,0
5021535,N,67500,0
5021536,N,67500,0
5021537,N,67500,0
5021538,Y,306000,0
5021539,Y,306000,0
5021540,Y,306000,0
5021541,Y,306000,0
5021542,Y,306000,0
5021543,Y,306000,0
5113211,Y,306000,0
5021544,N,202500,0
5021545,N,202500,0
5021546,N,202500,0
5021547,N,202500,0
5021548,N,202500,0
5021549,N,202500,0
5021550,N,202500,0
5021551,N,202500,0
5021552,N,202500,0
5021553,N,202500,0
5021554,Y,202500,0
5021555,N,135000,0
5021558,N,135000,0
5021559,Y,360000,1
5021560,Y,360000,1
5021561,Y,360000,1
5021562,Y,360000,1
5021563,Y,360000,1
5021564,Y,360000,1
5021565,Y,360000,1
6423495,Y,360000,1
6423496,Y,360000,1
5021566,N,76500,0
5021568,N,126000,1
5021569,N,126000,1
5021570,N,126000,1
5021571,N,126000,1
5021572,N,270000,0
5021573,N,270000,0
5021574,N,270000,0
5021575,N,270000,0
5021576,N,270000,0
5021577,N,270000,0
5021578,N,270000,0
5021579,N,270000,0
5021580,N,270000,0
5021581,N,270000,0
5021582,N,40500,0
5021583,N,40500,0
5021584,N,40500,0
5021585,N,40500,0
5021586,Y,247500,0
5021587,Y,247500,0
5021588,Y,247500,0
5021589,Y,247500,0
5021590,Y,247500,0
5021591,N,112500,0
5021594,Y,306000,1
5021595,Y,306000,1
5021597,Y,360000,1
5021608,Y,360000,1
5021609,Y,360000,1
5021610,Y,360000,1
5021611,Y,360000,1
5021612,Y,360000,1
5021613,Y,360000,1
5021600,N,225000,1
5021601,N,225000,1
5021602,N,225000,1
5021603,N,225000,1
5021604,N,225000,1
5021605,N,225000,1
5021606,N,225000,1
5021607,N,225000,1
5021614,Y,189000,0
5021616,Y,270000,0
5021617,N,99000,0
5021620,Y,126000,0
5021622,Y,126000,0
5021623,Y,126000,0
5021624,Y,126000,0
5021627,Y,225000,0
5021628,Y,225000,0
5021629,Y,225000,0
6423657,Y,225000,0
5021630,N,157500,0
5021632,N,157500,0
5021633,N,157500,0
5021634,N,157500,0
5021637,N,157500,0
5090274,N,157500,0
5021639,N,112500,0
5021640,N,112500,0
5021641,N,112500,0
5021642,N,112500,0
5021643,N,112500,1
6423692,N,112500,1
5021644,Y,144000,0
5021645,N,292500,0
5021646,N,292500,0
5021647,N,292500,0
5021648,N,292500,0
5021649,N,292500,0
5021650,N,292500,0
5021651,N,292500,0
6423693,N,292500,0
5021652,Y,270000,0
5021653,Y,270000,0
5021654,Y,270000,0
5021655,Y,270000,0
5021656,Y,270000,0
5021657,Y,270000,0
5021658,Y,270000,0
5021659,Y,270000,0
5021660,Y,270000,0
5021661,Y,270000,0
5021662,N,225000,0
5021663,N,225000,0
5021664,N,225000,0
5021665,N,225000,0
5021668,N,225000,0
5021670,N,225000,0
5021671,N,225000,0
5021673,N,225000,0
5021674,N,225000,0
5021675,N,225000,0
5021676,N,225000,0
6423694,N,225000,0
6423696,N,225000,0
5021678,N,202500,0
5021679,N,202500,0
5021680,N,202500,0
5021681,N,202500,0
5021682,N,202500,0
5021683,N,202500,0
5021684,N,202500,0
6423698,N,202500,0
5021688,Y,225000,0
5021691,Y,225000,0
5113091,Y,225000,0
5021693,Y,337500,1
5021694,Y,337500,1
5021695,Y,337500,1
5021696,N,180000,1
5021697,N,180000,1
5021698,N,180000,1
5021699,N,180000,1
5021700,N,180000,1
5021701,N,180000,1
6423749,N,180000,1
5021702,Y,112500,0
5021703,Y,112500,0
5021704,Y,112500,0
5021705,Y,112500,0
5021706,Y,112500,0
5021707,Y,112500,0
5021708,N,202500,0
5021709,N,202500,0
5021710,N,202500,0
5021711,N,202500,0
6416335,N,202500,0
5021712,N,243000,0
5021713,N,243000,0
5021715,N,243000,0
5021716,Y,180000,1
5021717,Y,180000,1
5021718,Y,630000,0
5021719,Y,630000,0
5021720,Y,630000,0
5021721,Y,630000,0
5021722,Y,630000,0
5021723,Y,630000,0
5021724,Y,630000,0
5021725,Y,630000,0
5021726,Y,630000,0
5021727,Y,630000,0
5021728,Y,630000,0
5021730,Y,180000,0
5021732,Y,180000,0
5021733,N,135000,0
5021734,N,189000,0
5021735,N,189000,0
5021737,N,189000,0
5021738,N,189000,0
5021739,N,189000,0
5021740,N,112500,0
5021741,N,112500,0
5021742,N,112500,0
5021744,N,112500,0
5021745,N,112500,0
5021746,N,112500,0
5021747,N,112500,0
5021748,N,112500,0
5021749,N,112500,0
5021750,N,112500,0
5113118,N,112500,0
5113119,N,112500,0
5021752,N,171000,0
5021753,N,171000,0
5021754,N,171000,0
5021756,Y,432000,1
5021761,N,112500,0
5021762,N,112500,0
5021763,N,112500,0
5021764,N,112500,0
5021765,N,112500,0
5021766,N,112500,0
5021767,N,112500,0
5021768,N,112500,0
6423223,N,112500,0
5021769,N,67500,0
5021772,N,292500,0
5021774,N,292500,0
5021775,N,292500,0
5021776,N,292500,0
5021777,N,292500,0
5021778,N,292500,0
5021779,N,292500,0
5021780,N,292500,0
5021781,N,292500,0
5021782,N,292500,0
5021783,N,292500,0
5021788,Y,157500,0
5021789,Y,157500,0
5021790,Y,157500,0
5021791,Y,157500,0
5021792,Y,157500,0
6423224,Y,157500,0
5021793,N,225000,0
5021794,N,225000,0
5021795,N,225000,0
5021796,N,225000,0
5021797,N,225000,0
5021798,N,225000,0
5021799,N,225000,0
5021800,N,225000,0
5021801,N,225000,0
5021802,N,225000,0
5021808,N,157500,0
5021809,N,112500,0
5021810,Y,67500,1
5021814,Y,67500,1
5021815,Y,67500,1
5021816,Y,67500,1
5021817,Y,67500,1
5021818,Y,67500,1
5021819,Y,67500,1
5090358,Y,67500,1
5113171,Y,67500,1
5113172,Y,67500,1
5021822,N,162000,0
5021826,N,270000,0
5021827,N,166500,0
5021828,N,166500,0
5021829,N,166500,0
5021830,N,166500,0
5021831,N,166500,0
5021832,Y,157500,0
5021833,Y,157500,0
5021834,Y,157500,0
5021835,Y,157500,0
5021836,Y,157500,0
5021837,Y,157500,0
5021838,N,157500,0
5021839,N,157500,0
5021840,N,157500,0
5021841,N,157500,0
5021842,N,157500,0
5021843,N,157500,0
6423373,N,157500,0
5021844,N,90000,0
5021845,N,90000,0
5021846,N,90000,0
5021847,N,135000,0
5021848,N,135000,0
5021849,N,135000,0
5021850,N,135000,0
5021851,N,135000,0
5021852,N,135000,0
5021855,N,135000,0
5021856,N,135000,0
5113189,N,135000,0
5021853,N,157500,0
5021854,N,180000,0
5021857,Y,315000,1
5021858,Y,315000,1
5021861,Y,315000,1
5021862,Y,315000,1
5021863,Y,315000,1
5021865,Y,315000,1
5021866,Y,315000,1
5021867,Y,315000,1
5021868,Y,315000,1
5021869,Y,315000,1
5021870,Y,315000,1
5021871,Y,315000,1
5021872,Y,315000,1
5021873,Y,171000,0
5021874,Y,171000,0
5021876,N,135000,0
5021877,N,135000,0
5021878,N,135000,0
5021879,Y,112500,1
5021880,Y,112500,1
5021881,Y,112500,1
5113190,Y,112500,1
5021882,Y,135000,0
5021883,Y,135000,0
5021884,Y,135000,0
5021886,Y,135000,0
5021887,Y,135000,0
5021888,Y,135000,0
5021889,Y,135000,0
5021890,Y,135000,0
5021891,Y,135000,0
5021892,Y,135000,0
6423407,Y,135000,0
5021895,N,328500,0
5021898,N,328500,0
5021899,N,328500,0
5021900,N,328500,0
5021901,N,328500,0
5021902,N,328500,0
5021903,N,328500,0
5021904,Y,225000,0
5021905,Y,225000,0
5021906,Y,225000,0
5021907,Y,225000,0
5021908,Y,225000,0
5021909,Y,225000,0
5021910,Y,225000,0
5021911,Y,225000,0
5021912,Y,225000,0
5021916,Y,148500,1
5021917,Y,148500,1
5021919,Y,76500,1
5021920,Y,76500,1
5021922,N,135000,1
5021923,N,135000,1
5021924,N,135000,1
5021926,Y,135000,1
5021928,N,67500,0
5021929,N,67500,0
5021930,N,67500,0
5021931,N,67500,0
5021933,N,67500,0
5021935,N,67500,0
5021936,N,67500,0
5021937,N,67500,0
5021938,N,67500,0
5021939,N,67500,0
6423546,N,67500,0
5021940,Y,445500,0
5021942,Y,445500,0
5021943,Y,445500,0
5021944,Y,445500,0
5021945,Y,445500,0
5021946,Y,445500,0
5021947,Y,445500,0
5021948,Y,445500,0
5021949,Y,445500,0
5021950,Y,445500,0
5021951,Y,445500,0
5021954,N,67500,0
5021955,N,67500,0
5021956,N,67500,0
5113218,N,67500,0
5021958,Y,76500,0
5021959,Y,76500,0
5021961,Y,76500,0
5021964,N,103500,0
5021965,N,103500,0
5021966,N,103500,0
5021967,N,103500,0
5021968,N,103500,0
5021969,N,103500,0
5021970,N,103500,0
5021972,N,103500,0
5021973,N,103500,0
5021974,N,103500,0
5021975,N,103500,0
5113221,N,103500,0
5021976,N,180000,0
5021977,N,180000,0
5021978,N,180000,0
5021979,N,180000,0
5021980,N,180000,0
5021981,N,315000,0
5021983,Y,225000,0
5021984,Y,225000,0
5021985,Y,225000,0
5021986,Y,225000,0
5113231,Y,225000,0
5021987,Y,135000,0
5021988,Y,135000,0
5021989,Y,135000,0
5021990,Y,135000,0
5021991,Y,135000,0
5021992,Y,135000,0
5021993,Y,135000,0
5021994,Y,135000,0
5021995,Y,135000,0
5021996,Y,135000,0
5021997,N,90000,0
5021999,N,257625,0
5022000,N,157500,0
5022001,N,157500,0
5022002,N,157500,0
5113051,N,157500,0
5022003,Y,112500,0
5022004,Y,112500,0
5022005,Y,112500,0
5022006,Y,112500,0
5022007,Y,112500,0
5022008,Y,112500,0
5022009,Y,112500,0
5022010,Y,112500,0
5022011,Y,112500,0
5022012,Y,112500,0
5022013,Y,112500,0
5022014,Y,112500,0
5022015,Y,112500,0
5022016,Y,112500,0
5022017,Y,112500,0
5022018,Y,112500,0
5022019,Y,112500,0
5022020,Y,112500,0
5022021,Y,112500,0
5022022,Y,112500,0
5022023,Y,112500,0
5022024,Y,112500,0
5022025,Y,112500,0
5022026,Y,112500,0
5022027,Y,112500,0
6423615,Y,112500,0
6423616,Y,112500,0
6423617,Y,112500,0
5022029,Y,315000,0
5022030,Y,315000,0
5022031,Y,315000,0
6423618,Y,315000,0
5022033,N,143100,1
5022034,N,143100,1
5022038,N,180000,0
5022039,N,180000,0
5022040,N,180000,0
5022041,N,180000,0
5022042,N,180000,0
5090394,Y,225000,0
5113069,Y,225000,0
5113070,Y,225000,0
5022046,Y,135000,1
5022047,Y,135000,1
6423658,Y,135000,1
5022048,N,202500,0
5022049,N,202500,0
5022051,N,202500,0
5022052,N,202500,0
5022054,N,202500,0
5022056,N,58500,0
5022057,N,58500,0
5022058,N,58500,0
5022059,N,58500,0
5022060,N,58500,0
6423699,N,58500,0
6423700,N,58500,0
5022062,N,180000,1
5022063,N,180000,1
5022064,N,180000,1
5022065,N,180000,1
5022066,N,216000,1
5022068,N,90000,0
5022071,N,90000,0
5022072,N,90000,0
5022073,N,90000,0
5022074,N,90000,0
5022075,N,90000,0
5022076,N,90000,0
5022077,N,90000,1
5022078,N,90000,1
5022079,N,90000,1
5022080,N,90000,1
5022081,N,90000,1
5022082,N,90000,1
5022083,N,90000,1
5022084,N,90000,1
5022085,N,90000,1
5022086,Y,202500,1
5022087,Y,202500,1
5022089,Y,202500,1
5022090,Y,202500,1
5022092,Y,202500,1
5022093,N,76500,1
5022094,N,76500,1
5022095,N,76500,1
5022097,N,76500,1
5022098,N,76500,1
5022099,N,76500,1
5022100,N,76500,1
5022101,N,76500,1
5022102,N,94500,0
5022103,N,94500,0
5022105,N,112500,1
5022107,N,112500,1
5022108,N,112500,1
5022109,N,112500,1
5022111,N,112500,1
5022112,N,112500,1
6416337,N,112500,1
5022113,Y,135000,0
5022114,Y,135000,0
5022115,Y,135000,0
5022116,N,315000,0
5022117,N,315000,0
5022118,N,315000,0
5022119,N,315000,0
5022120,N,315000,0
5022122,N,315000,0
5022123,N,315000,0
5022124,N,315000,0
5090465,N,315000,0
5022125,N,135000,0
5022126,N,135000,0
5022127,N,135000,0
5113120,N,135000,0
5022128,N,135000,0
5022130,Y,207000,0
5022131,Y,207000,0
5022132,Y,207000,0
5022133,Y,207000,0
5022134,Y,207000,0
6416389,Y,207000,0
5022135,N,126000,0
5022136,N,126000,0
5022137,N,126000,0
5022138,N,126000,0
5022140,N,207000,0
5022141,N,207000,0
5022142,N,207000,0
5022143,N,180000,0
5022144,N,180000,0
5022145,N,180000,0
5022146,N,180000,0
5022147,Y,180000,1
5022148,Y,180000,1
5022149,Y,180000,1
5022150,Y,180000,1
5022152,Y,180000,1
5022153,Y,180000,1
5022154,Y,180000,1
5022155,Y,180000,1
5022156,Y,180000,1
5022157,Y,180000,1
5022158,Y,180000,1
5022161,N,288000,1
5113146,N,288000,1
5022163,N,112500,0
5022164,N,112500,0
5113147,N,112500,0
5022168,N,45000,1
5022172,N,135000,0
5022174,N,135000,0
5022175,N,135000,0
5022176,N,135000,0
5022177,N,135000,0
5022178,N,135000,0
5022179,N,135000,0
5022180,N,135000,0
5022181,N,135000,0
5022182,N,135000,0
5022183,N,135000,0
5022184,N,135000,0
5022185,N,135000,0
5022186,N,135000,0
5022187,N,135000,0
5022188,N,135000,0
5022189,N,135000,0
5022190,Y,94500,0
5022192,Y,94500,0
5022193,Y,94500,0
5022195,Y,94500,0
5022196,Y,135000,0
5022197,Y,135000,0
5022198,Y,135000,0
5022199,Y,135000,0
5022200,Y,112500,0
5022201,Y,112500,0
5022202,Y,112500,0
5022203,N,202500,1
5022204,N,202500,1
5022206,N,202500,1
5022207,N,202500,1
5022208,N,202500,1
5022210,N,202500,1
5022211,N,315000,1
5113158,N,315000,1
5022212,N,180000,1
5022213,N,180000,1
5022216,N,180000,1
5022217,N,180000,1
5022218,N,180000,1
5022219,N,180000,0
5022220,N,180000,0
5022221,N,180000,0
5022222,N,180000,0
5022223,N,180000,0
5022224,N,180000,0
5022225,N,180000,0
5022226,N,180000,0
5022227,N,54000,0
5022228,N,54000,0
5022229,N,54000,0
5022230,N,54000,0
5022231,N,54000,0
5022235,Y,180000,0
5022236,Y,180000,0
5022237,Y,180000,0
5022238,Y,180000,0
5022239,Y,180000,0
6423323,Y,180000,0
5022240,N,202500,0
5022241,N,202500,0
5022243,N,202500,0
5022244,N,202500,0
5022246,N,202500,0
5022247,N,202500,0
5022248,N,202500,0
5022249,N,202500,0
5022250,N,202500,0
5022251,N,202500,0
5022252,N,202500,0
5022253,N,202500,0
5022254,N,202500,0
5022255,N,202500,0
5022256,N,202500,0
5113174,N,202500,0
5113175,N,202500,0
5022261,N,157500,0
5022262,N,157500,0
5022263,Y,131400,0
5022264,Y,131400,0
5022265,Y,131400,0
5022266,Y,131400,0
5022267,Y,131400,0
5022268,Y,131400,0
5022269,Y,131400,0
5022270,Y,131400,0
5022271,Y,131400,0
5022272,Y,131400,0
5022273,Y,131400,0
5022274,Y,131400,0
5022275,Y,131400,0
5022277,N,166500,0
5022278,Y,202500,1
5022280,Y,202500,1
5022281,Y,225000,0
5022282,Y,225000,0
5022283,N,157500,0
5022285,N,157500,0
5022288,N,157500,0
5022289,N,157500,0
5022290,N,157500,0
5022291,N,157500,0
5022292,N,157500,0
5022294,N,157500,0
5022295,N,157500,0
5022297,N,157500,0
5022298,N,157500,0
5022299,N,157500,0
6423409,N,157500,0
5022284,Y,157500,0
5022302,N,90000,0
5022303,N,90000,0
5022304,N,90000,0
5022305,N,90000,0
5022307,N,90000,0
5022308,N,90000,0
5022311,N,90000,0
6423410,N,90000,0
6423411,N,90000,0
6423412,N,90000,0
5022309,Y,189000,1
5022310,Y,189000,1
5022316,Y,270000,0
5022317,Y,270000,0
5022318,Y,270000,0
5022320,Y,270000,0
5022324,Y,256500,0
5022325,Y,256500,0
5022326,Y,256500,0
5022327,Y,256500,0
5022328,Y,256500,0
5022329,Y,256500,0
5022330,Y,256500,0
5022332,Y,256500,0
5022333,Y,256500,0
5022334,Y,256500,0
5022335,Y,256500,0
5022336,Y,256500,0
5022337,Y,256500,0
5022338,N,135000,0
5022339,N,135000,0
5022340,N,135000,0
5022341,Y,202500,0
5022342,Y,202500,0
5022343,N,67500,0
5022348,N,234000,0
5022349,N,234000,0
5022350,N,234000,0
5022351,N,234000,0
5022352,N,234000,0
5022353,N,234000,0
5022354,N,234000,0
5022355,N,234000,0
5022359,N,234000,0
5022362,N,234000,0
5022363,N,234000,0
5022373,N,234000,0
5022365,N,54000,1
5022366,Y,270000,0
5022367,Y,270000,0
5022370,Y,270000,0
5022371,Y,270000,0
5113191,Y,270000,0
5113192,Y,270000,0
5022376,Y,117000,1
5113201,Y,117000,1
5022379,N,225000,1
5022381,N,225000,1
5022382,N,225000,1
5022383,N,225000,1
5022384,N,225000,1
5113212,N,225000,1
5022385,Y,202500,0
5022386,Y,202500,0
5022387,N,153000,1
5022388,N,153000,1
5022389,N,153000,1
5022396,N,153000,1
5022397,N,153000,1
5022398,N,153000,1
5022401,N,153000,1
5022402,N,153000,1
5022407,N,153000,1
5022410,N,153000,1
5022411,N,153000,1
5022412,N,153000,1
5022413,N,153000,1
5022414,N,153000,1
5022415,N,153000,1
6423548,N,153000,1
5022416,Y,157500,0
5022417,Y,157500,0
5022418,Y,157500,0
5022419,Y,157500,0
5022420,Y,157500,0
5022421,Y,157500,0
5113213,Y,157500,0
5022422,N,180000,1
5022423,N,180000,1
5022424,N,180000,1
5022425,N,180000,1
5022429,N,90000,0
5022430,N,67500,0
5022431,N,67500,0
5022432,N,67500,0
5022433,N,67500,0
5022434,N,67500,0
5022435,N,67500,0
5022436,N,67500,0
6423592,N,67500,0
5022437,Y,157500,1
5022438,Y,157500,1
5022439,Y,270000,0
5022440,Y,225000,1
5022441,Y,225000,1
5022442,N,180000,1
5022443,N,180000,1
5022444,N,180000,1
5022445,N,180000,1
5022446,N,180000,1
5022447,N,180000,1
6423619,N,180000,1
6423620,N,180000,1
5022448,N,315000,0
5022449,N,315000,0
5022451,N,315000,0
5022452,N,315000,0
5022453,N,315000,0
5022454,Y,144000,0
5022455,Y,144000,0
5022456,Y,144000,0
5022457,Y,144000,0
5022458,Y,144000,0
5022459,Y,144000,0
5022460,Y,135000,0
5022461,Y,135000,0
5022462,Y,405000,0
5022465,Y,405000,0
5022466,Y,405000,0
5022468,Y,405000,0
5022469,Y,405000,0
5022470,Y,405000,0
5022471,Y,405000,0
5022472,Y,405000,0
5022473,Y,405000,0
6423659,Y,405000,0
6423660,Y,405000,0
6423661,Y,405000,0
5022477,N,135000,0
5022478,N,135000,0
5022479,N,135000,0
5022480,N,135000,0
5090587,N,135000,0
5113071,N,135000,0
5022481,N,112500,0
5022482,N,157500,1
5022483,N,157500,1
5022484,N,157500,1
5022485,N,157500,1
5022486,N,157500,1
5022487,N,157500,1
5022488,N,157500,1
5022489,N,157500,1
5113072,N,157500,1
5022492,Y,405000,0
5022493,Y,405000,0
5022494,Y,405000,0
5022495,Y,405000,0
5022496,Y,405000,0
5022497,Y,405000,0
5022498,Y,405000,0
5022499,Y,405000,0
5022502,Y,405000,0
6423750,Y,405000,0
6423751,Y,405000,0
6423752,Y,405000,0
5022504,N,720000,0
5022505,N,720000,0
5022506,N,720000,0
5022507,N,112500,0
5022508,N,112500,0
5022509,N,112500,0
5022510,N,112500,0
5022511,N,112500,0
5113092,N,112500,0
5022512,Y,135000,0
5022513,Y,135000,0
5022516,N,225000,1
5022517,N,225000,1
5022518,N,225000,1
5022519,N,225000,1
5022523,N,225000,1
5113093,N,225000,1
5022525,N,121500,0
5022527,N,121500,0
5022528,N,121500,0
5022529,N,121500,0
5022530,N,225000,0
5022531,N,225000,0
5022532,N,225000,0
5022535,N,202500,0
5022536,N,202500,0
5022539,N,202500,0
5022540,N,202500,0
5022541,N,247500,0
5022542,N,247500,0
5022543,N,247500,0
5022545,N,247500,0
5022546,N,247500,0
5022547,N,247500,0
5022548,N,247500,0
5022549,N,247500,0
5022550,N,247500,0
5022551,N,247500,0
5022553,N,112500,1
5022554,N,112500,1
5022555,N,112500,1
5022556,N,112500,1
5022557,N,112500,1
5022559,N,225000,0
5022560,N,225000,0
5022561,N,225000,0
5022562,N,225000,0
5022563,N,225000,0
5022564,N,225000,0
5022565,N,225000,0
5022566,N,225000,0
5022567,N,225000,0
5022568,N,225000,0
5090590,N,225000,0
5022569,Y,225000,0
5022570,Y,225000,0
5022571,Y,202500,0
5022572,Y,202500,0
5022573,Y,202500,0
5022577,N,202500,0
5022578,N,202500,0
5022579,N,202500,0
5022580,N,202500,0
5022582,N,202500,1
5022583,N,202500,1
5022584,N,202500,1
5022585,N,202500,1
